1,AA-10315,Alex Avila,Round Rock,Texas,United States
2,AA-10480,Andrew Allen,Bangkok,Bangkok,Thailand
3,AB-10015,Aaron Bergman,Wuhan,Hubei,China
4,AB-10060,Adam Bellavance,Seattle,Washington,United States
5,AB-10105,Adrian Barton,Detroit,Michigan,United States
6,AB-10150,Aimee Bixby,London,England,United Kingdom
7,AB-255,Alejandro Ballentine,Casablanca,Grand Casablanca,Morocco
8,AB-60,Adam Bellavance,Cape Town,Western Cape,South Africa
9,AB-600,Ann Blume,Bytom,Silesia,Poland
10,AC-10420,Alyssa Crouse,Kunming,Yunnan,China
11,AC-10450,Amy Cox,Chennai,Tamil Nadu,India
12,AC-10615,Ann Chong,New York City,New York,United States
13,AD-10180,Alan Dominguez,Jakarta,Jakarta,Indonesia
14,AF-10870,Art Ferguson,Ghent,East Flanders,Belgium
15,AF-10885,Art Foster,Bayeux,Lower Normandy,France
16,AG-10330,Alex Grayson,Jambi,Jambi,Indonesia
17,AG-10495,Andrew Gjertsen,Xiangtan,Hunan,China
18,AG-10525,Andy Gerbode,Irapuato,Guanajuato,Mexico
19,AG-10675,Anna Gayman,Houston,Texas,United States
20,AG-10900,Arthur Gainer,Mexico City,Distrito Federal,Mexico
21,AG-270,Alejandro Grove,Prague,Prague,Czech Republic
22,AG-525,Andy Gerbode,Ardabil,Ardabil,Iran
23,AG-675,Anna Gayman,Vienna,Vienna,Austria
24,AH-10030,Aaron Hawkins,Vienna,Vienna,Austria
25,AH-10075,Adam Hart,Azcapotzalco,Distrito Federal,Mexico
26,AH-10210,Alan Hwang,Colombo,Parana,Brazil
27,AH-10465,Amy Hunt,León,León,Nicaragua
28,AH-10585,Angele Hood,Townsville,Queensland,Australia
29,AH-210,Alan Hwang,Alexandria,Al Iskandariyah,Egypt
30,AH-30,Aaron Hawkins,Kamina,Katanga,Democratic Republic of the Congo
31,AJ-10780,Anthony Jacobs,Kabul,Kabul,Afghanistan
32,AJ-960,Astrea Jones,Casablanca,Grand Casablanca,Morocco
33,AM-10360,Alice McCarthy,Harrogate,England,United Kingdom
34,AM-10705,Anne McFarland,Bandung,Jawa Barat,Indonesia
35,AP-10720,Anne Pryor,Jabalpur,Madhya Pradesh,India
36,AP-10915,Arthur Prichep,Shouguang,Shandong,China
37,AR-10345,Alex Russell,Mexicali,Baja California,Mexico
38,AR-10510,Andrew Roberts,Velletri,Lazio,Italy
39,AR-10540,Andy Reiter,Jackson,Michigan,United States
40,AR-10570,Anemone Ratner,Perth,Western Australia,Australia
41,AR-10825,Anthony Rawles,Concord,California,United States
42,AS-10090,Adam Shillingsburg,Huddersfield,England,United Kingdom
43,AS-10225,Alan Schoenberger,Jinan,Shandong,China
44,AS-10285,Alejandro Savely,Kanpur,Uttar Pradesh,India
45,AS-10630,Ann Steele,Whakatane,Bay of Plenty,New Zealand
46,AS-285,Alejandro Savely,Kaliningrad,Kaliningrad,Russia
47,AT-10435,Alyssa Tate,Guaymas,Sonora,Mexico
48,AT-10735,Annie Thurman,Morristown,New Jersey,United States
49,AW-10840,Anthony Witt,Amsterdam,North Holland,Netherlands
50,AY-10555,Andy Yotov,Bradford,England,United Kingdom
51,AZ-10750,Annie Zypern,León,León,Nicaragua
52,BB-11545,Brenda Bowman,Erlangen,Bavaria,Germany
53,BC-11125,Becky Castell,Whangarei,Northland,New Zealand
54,BD-11500,Bradley Drucker,Columbus,Georgia,United States
55,BD-11605,Brian Dahlen,Newcastle,New South Wales,Australia
56,BD-1635,Brian Derr,Al Amarah,Maysan,Iraq
57,BE-11335,Bill Eplett,Morelia,Michoacán,Mexico
58,BE-11410,Bobby Elias,Duisburg,North Rhine-Westphalia,Germany
59,BE-11455,Brad Eason,Sydney,New South Wales,Australia
60,BF-10975,Barbara Fisher,Saint-Priest,Rhône-Alpes,France
61,BF-11005,Barry Franz,Gorakhpur,Haryana,India
62,BF-11080,Bart Folk,Adelaide,South Australia,Australia
63,BF-11215,Benjamin Farhat,Managua,Managua,Nicaragua
64,BG-11035,Barry Gonzalez,Espoo,Uusimaa,Finland
65,BG-11695,Brooke Gillingham,Culiacán,Sinaloa,Mexico
66,BG-11740,Bruce Geld,Kuala Lumpur,Kuala Lumpur,Malaysia
67,BH-11710,Brosina Hoffman,Berlin,Berlin,Germany
68,BK-11260,Berenike Kampe,Tongi,Dhaka,Bangladesh
69,BM-11140,Becky Martin,San Antonio,Texas,United States
70,BM-11575,Brendan Murry,Brisbane,Queensland,Australia
71,BM-11650,Brian Moss,Columbia,Maryland,United States
72,BM-11785,Bryan Mills,Milpa Alta,Distrito Federal,Mexico
73,BM-1650,Brian Moss,Kermanshah,Kermanshah,Iran
74,BN-11470,Brad Norvell,Bangkok,Bangkok,Thailand
75,BO-11425,Bobby Odegard,Metepec,México,Mexico
76,BP-11155,Becky Pak,London,England,United Kingdom
77,BP-11185,Ben Peterman,Paris,Ile-de-France,France
78,BP-11230,Benjamin Patterson,Surat,Gujarat,India
79,BP-11290,Beth Paige,Singapore,Singapore,Singapore
80,BP-1230,Benjamin Patterson,Yaounde,Centre,Cameroon
81,BS-11365,Bill Shonely,Saint-Brieuc,Brittany,France
82,BS-11380,Bill Stewart,Bandung,Jawa Barat,Indonesia
83,BS-11590,Brendan Sweed,Thionville,Lorraine,France
84,BS-11665,Brian Stugart,Clamart,Ile-de-France,France
85,BS-11800,Bryan Spruell,Kendari,Sulawesi Tenggara,Indonesia
86,BS-1665,Brian Stugart,Khorramabad,Lorestan,Iran
87,BT-11305,Beth Thompson,San Gabriel,California,United States
88,BT-11395,Bill Tyler,Worthing,England,United Kingdom
89,BT-11530,Bradley Talbott,Muzaffarpur,Bihar,India
90,BT-11680,Brian Thompson,Ube,Yamaguchi,Japan
91,BV-11245,Benjamin Venier,San Sebastian,Basque Country,Spain
92,BW-1065,Barry Weirich,Kananga,Kasai-Occidental,Democratic Republic of the Congo
93,BW-11110,Bart Watters,Detroit,Michigan,United States
94,BW-11200,Ben Wallace,Dieppe,Upper Normandy,France
95,CA-11965,Carol Adams,Fuji,Shizuoka,Japan
96,CA-12265,Christina Anderson,Colchester,England,United Kingdom
97,CA-12310,Christine Abelman,Menton,Provence-Alpes-Côte d'Azur,France
98,CA-12775,Cynthia Arntzen,Kota,Chhattisgarh,India
99,CB-12025,Cassandra Brandow,Jakarta,Jakarta,Indonesia
100,CB-12415,Christy Brittain,Columbus,Ohio,United States
101,CB-2025,Cassandra Brandow,Lublin,Lublin,Poland
102,CC-12100,Chad Cunningham,Coyoacán,Distrito Federal,Mexico
103,CC-12145,Charles Crestani,Regensburg,Bavaria,Germany
104,CC-12220,Chris Cortes,New York City,New York,United States
105,CC-12370,Christopher Conant,Philadelphia,Pennsylvania,United States
106,CC-12475,Cindy Chapman,Bhavnagar,Gujarat,India
107,CC-12550,Clay Cheatham,Whyalla,South Australia,Australia
108,CC-12610,Corey Catlett,Iserlohn,North Rhine-Westphalia,Germany
109,CC-12670,Craig Carreira,Florence,Tuscany,Italy
110,CC-12685,Craig Carroll,Vijayawada,Andhra Pradesh,India
111,CC-2475,Cindy Chapman,Matola,Maputo,Mozambique
112,CC-2550,Clay Cheatham,Kharkiv,Kharkiv,Ukraine
113,CD-11920,Carlos Daly,New York City,New York,United States
114,CD-12280,Christina DeMoss,Sydney,New South Wales,Australia
115,CD-12790,Cynthia Delaney,Munster,Lower Saxony,Germany
116,CG-12040,Catherine Glotzbach,Wellington,Wellington,New Zealand
117,CG-12520,Claire Gute,Adelaide,South Australia,Australia
118,CH-2070,Cathy Hwang,Malayer,Hamadan,Iran
119,CJ-11875,Carl Jackson,Brisbane,Queensland,Australia
120,CJ-12010,Caroline Jumper,Anshan,Liaoning,China
121,CK-12205,Chloris Kastensmidt,Barletta,Apulia,Italy
122,CK-12325,Christine Kargatis,Troy,Ohio,United States
123,CK-12595,Clytie Kelty,Taupo,Waikato,New Zealand
124,CK-12760,Cyma Kinney,Bayonne,Aquitaine,France
125,CL-11890,Carl Ludwig,Açu,Rio Grande do Norte,Brazil
126,CL-12565,Clay Ludtke,Cleveland,Ohio,United States
127,CL-12700,Craig Leslie,Kulti,West Bengal,India
128,CM-11815,Candace McMahon,Lahore,Punjab,Pakistan
129,CM-11830,Cari MacIntyre,Vernon,Upper Normandy,France
130,CM-11935,Carlos Meador,Shanghai,Shanghai,China
131,CM-12115,Chad McGuire,Adelaide,South Australia,Australia
132,CM-12160,Charles McCrossin,Managua,Managua,Nicaragua
133,CM-12190,Charlotte Melton,Mulhouse,Alsace,France
134,CM-12235,Chris McAfee,Carrollton,Texas,United States
135,CM-12385,Christopher Martinez,Atlanta,Georgia,United States
136,CM-12445,Chuck Magee,Wollongong,New South Wales,Australia
137,CM-12655,Corinna Mitchell,Laval,Pays de la Loire,France
138,CM-12715,Craig Molinari,Cancún,Quintana Roo,Mexico
139,CM-1830,Cari MacIntyre,Johannesburg,Gauteng,South Africa
140,CP-12085,Cathy Prescott,Springfield,Missouri,United States
141,CP-12340,Christine Phan,Aurangabad,Bihar,India
142,CP-2085,Cathy Prescott,Potchefstroom,North-West,South Africa
143,CR-12580,Clay Rozendal,San Diego,California,United States
144,CR-12625,Corey Roper,Brisbane,Queensland,Australia
145,CR-12730,Craig Reiter,Brisbane,Queensland,Australia
146,CR-12820,Cyra Reiten,Patna,Bihar,India
147,CR-2625,Corey Roper,Astrakhan',Astrakhan',Russia
148,CS-11845,Cari Sayre,Raipur,Uttarakhand,India
149,CS-11860,Cari Schnelling,Vienna,Vienna,Austria
150,CS-11950,Carlos Soltero,Haninge,Stockholm,Sweden
151,CS-12130,Chad Sievert,Melbourne,Victoria,Australia
152,CS-12175,Charles Sheldon,Bangkok,Bangkok,Thailand
153,CS-12460,Chuck Sachs,Dhaka,Dhaka,Bangladesh
154,CS-12490,Cindy Schnelling,Chihuahua,Chihuahua,Mexico
155,CS-12505,Cindy Stewart,Lancaster,Ohio,United States
156,CT-11995,Carol Triggs,Hirakata,Osaka,Japan
157,CV-2805,Cynthia Voltz,Maseru,Maseru,Lesotho
158,CY-12745,Craig Yedwab,Mexico City,Distrito Federal,Mexico
159,DA-13450,Dianna Arnett,Tegucigalpa,Francisco Morazán,Honduras
160,DB-12970,Darren Budd,Montpellier,Languedoc-Roussillon,France
161,DB-13060,Dave Brooks,Gold Coast,Queensland,Australia
162,DB-13210,Dean Braden,London,England,United Kingdom
163,DB-13405,Denny Blanton,Wuxi,Jiangsu,China
164,DB-13555,Dorothy Badders,Raleigh,North Carolina,United States
165,DB-3360,Dennis Bolton,Kitwe,Copperbelt,Zambia
166,DC-13285,Debra Catini,Mixco,Guatemala,Guatemala
167,DG-13300,Deirdre Greer,Mexico City,Distrito Federal,Mexico
168,DG-3300,Deirdre Greer,Maputo,Cidade De Maputo,Mozambique
169,DH-13075,Dave Hallsten,New York City,New York,United States
170,DH-13675,Duane Huffman,Stoke-on-Trent,England,United Kingdom
171,DH-3675,Duane Huffman,Antananarivo,Analamanga,Madagascar
172,DJ-13420,Denny Joy,Villahermosa,Tabasco,Mexico
173,DJ-13510,Don Jones,San Diego,California,United States
174,DJ-3510,Don Jones,Zhytomyr,Zhytomyr,Ukraine
175,DK-12835,Damala Kotsonis,Madrid,Madrid,Spain
176,DK-12895,Dana Kaydos,Surabaya,Jawa Timur,Indonesia
177,DK-13090,Dave Kipp,Seville,Andalusía,Spain
178,DK-13150,David Kendrick,Berlin,Berlin,Germany
179,DK-13375,Dennis Kane,León,Guanajuato,Mexico
180,DK-3375,Dennis Kane,Kinshasa,Kinshasa,Democratic Republic of the Congo
181,DL-12865,Dan Lawera,Brisbane,Queensland,Australia
182,DL-12925,Daniel Lacy,Wollongong,New South Wales,Australia
183,DL-13315,Delfina Latchford,London,England,United Kingdom
184,DL-13330,Denise Leinenbach,Nagpur,Maharashtra,India
185,DL-13495,Dionis Lloyd,Philadelphia,Pennsylvania,United States
186,Dl-13600,Dorris liebe,Mont-de-Marsan,Aquitaine,France
187,DL-3330,Denise Leinenbach,Arbil,Arbil,Iraq
188,DM-12955,Dario Medina,Mixco,Guatemala,Guatemala
189,DM-13015,Darrin Martin,New York City,New York,United States
190,DM-13345,Denise Monton,Bokaro,Jharkhand,India
191,DM-13525,Don Miller,Hanover,Lower Saxony,Germany
192,DO-13435,Denny Ordway,Srinagar,Jammu and Kashmir,India
193,DO-3435,Denny Ordway,Porto-Novo,Ouémé,Benin
194,DP-13105,Dave Poirier,Gold Coast,Queensland,Australia
195,DP-13165,David Philippe,Thane,Maharashtra,India
196,Dp-13240,Dean percer,Suzhou,Gansu,China
197,DP-13390,Dennis Pardue,North Las Vegas,Nevada,United States
198,DP-3105,Dave Poirier,Meknes,Meknès-Tafilalet,Morocco
199,DR-12940,Daniel Raglin,Townsville,Queensland,Australia
200,DV-13045,Darrin Van Huff,Manado,Sulawesi Utara,Indonesia
201,DV-13465,Dianna Vittorini,Mejicanos,San Salvador,El Salvador
202,DW-13540,Don Weiss,Kuantan,Pahang,Malaysia
203,DW-3480,Dianna Wilson,Kharkiv,Kharkiv,Ukraine
204,EB-13840,Ellis Ballard,Montreuil,Ile-de-France,France
205,EB-13930,Eric Barreto,Depok,Jawa Barat,Indonesia
206,EB-13975,Erica Bern,São Paulo,São Paulo,Brazil
207,EB-14110,Eugene Barchas,Leipzig,Saxony,Germany
208,ED-13885,Emily Ducich,Ho Chi Minh City,Ho Chí Minh City,Vietnam
209,EG-13900,Emily Grady,Puteaux,Ile-de-France,France
210,EH-13765,Edward Hooks,Watertown,New York,United States
211,EH-14005,Erica Hernandez,Burgos,Castile and León,Spain
212,EH-14125,Eugene Hildebrand,Plaisir,Ile-de-France,France
213,EH-4125,Eugene Hildebrand,Gyula,Bekes,Hungary
214,EH-4185,Evan Henry,Ad Diwaniyah,Al Qadisiyah,Iraq
215,EJ-13720,Ed Jacobs,Singapore,Singapore,Singapore
216,EK-13795,Eileen Kiefer,San Francisco,California,United States
217,EL-13735,Ed Ludwig,Melbourne,Victoria,Australia
218,EM-13810,Eleni McCrary,San Francisco,California,United States
219,EM-13825,Elizabeth Moffitt,Himeji,Hyogo,Japan
220,EM-13960,Eric Murdock,Nagpur,Maharashtra,India
221,EM-14065,Erin Mull,Bremen,Bremen,Germany
222,EM-14140,Eugene Moren,Lehi,Utah,United States
223,EM-14200,Evan Minnotte,Gómez Palacio,Durango,Mexico
224,EN-13780,Edward Nazzal,New York City,New York,United States
225,EP-13915,Emily Phan,Jakarta,Jakarta,Indonesia
226,ER-13855,Elpida Rittenbach,Charlotte,North Carolina,United States
227,ES-14020,Erica Smith,Madrid,Madrid,Spain
228,FC-14245,Frank Carlisle,Piedecuesta,Santander,Colombia
229,FG-14260,Frank Gastineau,Bordeaux,Aquitaine,France
230,FH-14275,Frank Hawley,Palu,Sulawesi Tengah,Indonesia
231,FH-14365,Fred Hopkins,Seattle,Washington,United States
232,FM-14215,Filia McAdams,Mixco,Guatemala,Guatemala
233,FM-14290,Frank Merwin,Spanish Town,Saint Catherine,Jamaica
234,FO-14305,Frank Olsen,Noisy-le-Grand,Ile-de-France,France
235,FW-14395,Fred Wasserman,Strasbourg,Alsace,France
236,GB-14530,George Bell,Brisbane,Queensland,Australia
237,GG-14650,Greg Guthrie,Angers,Pays de la Loire,France
238,GH-14410,Gary Hansen,Elx,Valenciana,Spain
239,GH-14425,Gary Hwang,Wafangdian,Liaoning,China
240,GH-14665,Greg Hansen,Cangzhou,Hebei,China
241,GK-14620,Grace Kelly,Los Angeles,California,United States
242,GM-14440,Gary McGarr,Quito,Pichincha,Ecuador
243,GM-14680,Greg Matthias,Amsterdam,North Holland,Netherlands
244,GM-14695,Greg Maxwell,Alexandria,Virginia,United States
245,GP-14740,Guy Phonely,Delhi,Delhi,India
246,GP-4740,Guy Phonely,Casablanca,Grand Casablanca,Morocco
247,GR-14560,Georgia Rosenberg,Mexico City,Distrito Federal,Mexico
248,GR-4560,Georgia Rosenberg,Maseru,Maseru,Lesotho
249,GT-14635,Grant Thornton,Burlington,North Carolina,United States
250,GT-14710,Greg Tran,Huddersfield,England,United Kingdom
251,GW-14605,Giulietta Weimer,Luoyang,Guangdong,China
252,GZ-14470,Gary Zandusky,Columbia,Maryland,United States
253,GZ-4545,George Zrebassa,Blagoveshchensk,Amur,Russia
254,HA-14920,Helen Andreada,Wuhai,Inner Mongolia,China
255,HD-14785,Harold Dahlen,Schwerin,Mecklenburg-Vorpommern,Germany
256,HE-14800,Harold Engle,São Paulo,São Paulo,Brazil
257,HG-14845,Harry Greene,Lille,Nord-Pas-de-Calais,France
258,HG-14965,Henry Goldwyn,Lahore,Punjab,Pakistan
259,HG-15025,Hunter Glantz,Medan,Sumatera Utara,Indonesia
260,HH-5010,Hilary Holden,Dar es Salaam,Dar Es Salaam,Tanzania
261,HJ-14875,Heather Jas,Luoyang,Henan,China
262,HK-14890,Heather Kirkland,Drancy,Ile-de-France,France
263,HL-15040,Hunter Lopez,Hobart,Tasmania,Australia
264,HM-14860,Harry Marie,Springfield,Missouri,United States
265,HM-4980,Henry MacAllister,Kinshasa,Kinshasa,Democratic Republic of the Congo
266,HR-14770,Hallie Redmond,Marikina,National Capital,Philippines
267,HR-14830,Harold Ryan,Huntington Beach,California,United States
268,HW-14935,Helen Wasserman,Ivry-sur-Seine,Ile-de-France,France
269,HZ-14950,Henia Zydlo,Bordeaux,Aquitaine,France
270,HZ-4950,Henia Zydlo,Benguela,Benguela,Angola
271,IG-15085,Ivan Gibson,Bourg-en-Bresse,Rhône-Alpes,France
272,IM-15055,Ionia McGrath,San Francisco,California,United States
273,IM-15070,Irene Maddox,Bandung,Jawa Barat,Indonesia
274,IM-5055,Ionia McGrath,Loubomo,Niari,Republic of the Congo
275,JA-15970,Joseph Airdo,Philadelphia,Pennsylvania,United States
276,JB-15400,Jennifer Braxton,Quetzaltenango,Quezaltenango,Guatemala
277,JB-15925,Joni Blumstein,Trier,Rhineland-Palatinate,Germany
278,JB-16000,Joy Bell-,Mataram,Nusa Tenggara Barat,Indonesia
279,JB-5400,Jennifer Braxton,Johannesburg,Gauteng,South Africa
280,JC-15775,John Castell,Bundaberg,Queensland,Australia
281,JC-16105,Julie Creighton,Gold Coast,Queensland,Australia
282,JC-6105,Julie Creighton,Vilnius,Vilnius,Lithuania
283,JD-15895,Jonathan Doherty,Richmond,Virginia,United States
284,JD-16060,Julia Dunbar,Santander,Cantabria,Spain
285,JD-16150,Justin Deggeller,Tamworth,England,United Kingdom
286,JD-6060,Julia Dunbar,Kumasi,Ashanti,Ghana
287,JE-15610,Jim Epp,Atlanta,Georgia,United States
288,JE-15715,Joe Elijah,New York City,New York,United States
289,JE-15745,Joel Eaton,Amarillo,Texas,United States
290,JE-16165,Justin Ellison,Franklin,Wisconsin,United States
291,JF-15190,Jamie Frazer,Phnom Penh,Phnom Penh,Cambodia
292,JF-15295,Jason Fortune-,Valencia,Valenciana,Spain
293,JF-15415,Jennifer Ferguson,Crawley,England,United Kingdom
294,JF-5415,Jennifer Ferguson,Casablanca,Grand Casablanca,Morocco
295,JG-15115,Jack Garza,Des Moines,Washington,United States
296,JG-15160,James Galang,Stockton-on-Tees,England,United Kingdom
297,JH-15820,John Huston,Paysandú,Paysandú,Uruguay
298,JH-15910,Jonathan Howell,Matsubara,Oita,Japan
299,JH-15985,Joseph Holt,Concord,North Carolina,United States
300,JH-16180,Justin Hirsh,Buenos Aires,Buenos Aires,Argentina
301,JK-15325,Jason Klamczynski,Suzhou,Anhui,China
302,JK-15370,Jay Kimmel,Fernando de la Mora,Central,Paraguay
303,JK-15640,Jim Kriz,Seattle,Washington,United States
304,JK-16090,Juliana Krohn,Delhi,Delhi,India
305,JK-16120,Julie Kriz,Palembang,Sumatera Selatan,Indonesia
306,JK-5730,Joe Kamberova,Vladimir,Vladimir,Russia
307,JL-15175,James Lanier,Feira de Santana,Bahia,Brazil
308,JL-15235,Janet Lee,Santo Domingo,Santo Domingo,Dominican Republic
309,JL-15835,John Lee,Charlotte,North Carolina,United States
310,JL-5130,Jack Lebron,Voronezh,Voronezh,Russia
311,JL-5835,John Lee,Baku,Baki,Azerbaijan
312,JM-15250,Janet Martin,Suzhou,Anhui,China
313,JM-15265,Janet Molinari,Marikina,National Capital,Philippines
314,JM-15580,Jill Matthias,Tulancingo,Hidalgo,Mexico
315,JM-15655,Jim Mitchum,Sydney,New South Wales,Australia
316,JM-15865,John Murray,Jamestown,New York,United States
317,JR-15670,Jim Radford,Menden,North Rhine-Westphalia,Germany
318,JR-15700,Jocasta Rupert,Kollam,Kerala,India
319,JR-16210,Justin Ritter,Wollongong,New South Wales,Australia
320,JR-5670,Jim Radford,Cairo,Al Qahirah,Egypt
321,JS-15595,Jill Stevenson,Medan,Sumatera Utara,Indonesia
322,JS-15685,Jim Sink,Townsville,Queensland,Australia
323,JS-15880,John Stevenson,Seattle,Washington,United States
324,JS-16030,Joy Smith,Medan,Sumatera Utara,Indonesia
325,JW-15220,Jane Waco,Sacramento,California,United States
326,JW-15955,Joni Wasserman,Fontenay-aux-Roses,Ile-de-France,France
327,JW-5220,Jane Waco,Dakar,Dakar,Senegal
328,KB-16315,Karl Braun,Kuala Lumpur,Kuala Lumpur,Malaysia
329,KB-16585,Ken Black,Qingdao,Shandong,China
330,KB-16600,Ken Brennan,Lucknow,Uttar Pradesh,India
331,KC-16255,Karen Carlisle,Huntsville,Alabama,United States
332,KC-16540,Kelly Collister,Managua,Managua,Nicaragua
333,KC-16675,Kimberly Carter,Celle,Lower Saxony,Germany
334,KD-16270,Karen Daniels,Yonkers,New York,United States
335,KD-16345,Katherine Ducich,Surat,Gujarat,India
336,KD-16495,Keith Dawkins,New York City,New York,United States
337,KF-16285,Karen Ferguson,Los Angeles,California,United States
338,KH-16330,Katharine Harms,Yogyakarta,Yogyakarta,Indonesia
339,KH-16510,Keith Herrera,Bacolod City,Western Visayas,Philippines
340,KH-16690,Kristen Hastings,Springfield,Virginia,United States
341,KM-16225,Kalyca Meade,Geelong,Victoria,Australia
342,KM-16375,Katherine Murray,Berlin,Berlin,Germany
343,KM-16660,Khloe Miller,Augsburg,Bavaria,Germany
344,KM-16720,Kunst Miller,Manila,National Capital,Philippines
345,KM-6720,Kunst Miller,Kashan,Esfahan,Iran
346,KN-16390,Katherine Nockton,Kwinana,Western Australia,Australia
347,KN-16450,Kean Nguyen,Perth,Western Australia,Australia
348,KN-6705,Kristina Nunn,Hamadan,Hamadan,Iran
349,KS-16300,Karen Seio,Adelaide,South Australia,Australia
350,KT-16480,Kean Thornton,Philadelphia,Pennsylvania,United States
351,KW-16435,Katrina Willman,Florence,Kentucky,United States
352,LA-16780,Laura Armstrong,Palembang,Sumatera Selatan,Indonesia
353,LB-16795,Laurel Beltran,Edinburgh,Scotland,United Kingdom
354,LC-16885,Lena Creighton,New York City,New York,United States
355,LC-17050,Liz Carlisle,Auckland,Auckland,New Zealand
356,LC-7050,Liz Carlisle,Jeddah,Makkah,Saudi Arabia
357,LD-16855,Lela Donovan,Saint-Laurent-du-Var,Provence-Alpes-Côte d'Azur,France
358,LH-16750,Larry Hughes,Santo Domingo,Santo Domingo,Dominican Republic
359,LH-16900,Lena Hernandez,Valparaíso de Goiás,Goiás,Brazil
360,LH-17020,Lisa Hazard,Anshan,Liaoning,China
361,LH-17155,Logan Haushalter,Le Bouscat,Aquitaine,France
362,LM-7065,Liz MacKendrick,Doha,Ad Dawhah,Qatar
363,LR-16915,Lena Radford,Gorakhpur,Haryana,India
364,LR-17035,Lisa Ryan,Hamburg,Hamburg,Germany
365,LS-17200,Luke Schmidt,Deuil-la-Barre,Ile-de-France,France
366,LS-17245,Lynn Smith,Zapopan,Jalisco,Mexico
367,LT-16765,Larry Tron,Rome,Lazio,Italy
368,LT-7110,Liz Thompson,Pretoria,Gauteng,South Africa
369,LW-16825,Laurel Workman,Nasik,Maharashtra,India
370,LW-16990,Lindsay Williams,Henderson,Nevada,United States
371,LW-17215,Luke Weiss,New York City,New York,United States
372,MA-17560,Matt Abelman,New York City,New York,United States
373,MB-17305,Maria Bertelson,Sydney,New South Wales,Australia
374,MB-18085,Mick Brown,Hamilton,Waikato,New Zealand
375,MB-7305,Maria Bertelson,Kinshasa,Kinshasa,Democratic Republic of the Congo
376,MC-17425,Mark Cousins,Mobile,Alabama,United States
377,MC-17575,Matt Collins,Joinville,Santa Catarina,Brazil
378,MC-17635,Matthew Clasen,Santa Cruz de Barahona,Barahona,Dominican Republic
379,MC-17845,Michael Chen,Gwalior,Madhya Pradesh,India
380,MC-7275,Marc Crier,Luts'k,Volyn,Ukraine
381,MC-7575,Matt Collins,Jeddah,Makkah,Saudi Arabia
382,MD-17350,Maribeth Dona,Medellín,Antioquia,Colombia
383,MD-17860,Michael Dominguez,Sydney,New South Wales,Australia
384,MD-7860,Michael Dominguez,Poltava,Poltava,Ukraine
385,ME-17320,Maria Etezadi,Stoke-on-Trent,England,United Kingdom
386,MF-17665,Maureen Fritzler,Chaoyang,Jilin,China
387,MF-18250,Monica Federle,Argenteuil,Ile-de-France,France
388,MG-17680,Maureen Gastineau,Ho Chi Minh City,Ho Chí Minh City,Vietnam
389,MG-17695,Maureen Gnade,Turin,Piedmont,Italy
390,MG-17890,Michael Granlund,Lahore,Punjab,Pakistan
391,MG-18145,Mike Gockenbach,Bhilwara,Rajasthan,India
392,MG-18205,Mitch Gastineau,Thane,Maharashtra,India
393,MG-7680,Maureen Gastineau,Mashhad,Razavi Khorasan,Iran
394,MG-8145,Mike Gockenbach,Lubumbashi,Katanga,Democratic Republic of the Congo
395,MH-18025,Michelle Huthwaite,Lafayette,Louisiana,United States
396,MH-18115,Mick Hernandez,Kozhikode,Kerala,India
397,MH-7440,Mark Haberlin,Mbuji-mayi,Kasai-Oriental,Democratic Republic of the Congo
398,MJ-17740,Max Jones,San Diego,California,United States
399,ML-17395,Marina Lichtenstein,Jakarta,Jakarta,Indonesia
400,ML-17410,Maris LaWare,Camagüey,Camagüey,Cuba
401,MM-17260,Magdelene Morse,Tianjin,Tianjin,China
402,MM-17920,Michael Moore,Sanya,Hainan,China
403,MM-18055,Michelle Moray,Herford,North Rhine-Westphalia,Germany
404,MM-7260,Magdelene Morse,Jizan,Jizan,Saudi Arabia
405,MM-8280,Muhammed MacIntyre,Ufa,Bashkortostan,Russia
406,MO-17800,Meg O'Connel,Hamamatsu,Shizuoka,Japan
407,MP-17470,Mark Packer,New York City,New York,United States
408,MP-18175,Mike Pelletier,Perth,Western Australia,Australia
409,MR-17545,Mathew Reese,Jodhpur,Rajasthan,India
410,MS-17365,Maribeth Schnelling,Los Angeles,California,United States
411,MS-17770,Maxwell Schwartz,Burnley,England,United Kingdom
412,MS-17830,Melanie Seite,London,England,United Kingdom
413,MS-17980,Michael Stewart,Munster,Lower Saxony,Germany
414,MS-7830,Melanie Seite,Riyadh,Ar Riyad,Saudi Arabia
415,MT-17815,Meg Tillman,Nantes,Pays de la Loire,France
416,MT-18070,Michelle Tran,Rueil-Malmaison,Ile-de-France,France
417,MT-8070,Michelle Tran,Girga,Suhaj,Egypt
418,MV-17485,Mark Van Huff,Saint-Chamond,Rhône-Alpes,France
419,MV-8190,Mike Vittorini,Port Elizabeth,Eastern Cape,South Africa
420,MW-18220,Mitch Webber,Geraldton,Western Australia,Australia
421,MW-18235,Mitch Willingham,Virginia Beach,Virginia,United States
422,MW-8220,Mitch Webber,Mecca,Makkah,Saudi Arabia
423,MY-17380,Maribeth Yedwab,Bergen,Hordaland,Norway
424,MY-18295,Muhammed Yedwab,Matagalpa,Matagalpa,Nicaragua
425,MZ-17335,Maria Zettner,Malakoff,Ile-de-France,France
426,MZ-7335,Maria Zettner,Brest,Brest,Belarus
427,MZ-7515,Mary Zewe,Shiraz,Fars,Iran
428,NB-18655,Nona Balk,Hamburg,Hamburg,Germany
429,NC-18340,Nat Carroll,Melbourne,Victoria,Australia
430,NC-18415,Nathan Cano,Houston,Texas,United States
431,NC-18625,Noah Childs,Newcastle,New South Wales,Australia
432,NC-8340,Nat Carroll,Monrovia,Montserrado,Liberia
433,NC-8415,Nathan Cano,L'viv,L'viv,Ukraine
434,ND-18370,Natalie DeCherney,New York City,New York,United States
435,NF-18385,Natalie Fritzler,Graz,Styria,Austria
436,NF-18475,Neil Französisch,Moers,North Rhine-Westphalia,Germany
437,NF-18595,Nicole Fjeld,Kunming,Yunnan,China
438,NH-18610,Nicole Hansen,Wellington,Wellington,New Zealand
439,NL-18310,Nancy Lomonaco,Christchurch,Canterbury,New Zealand
440,NM-18445,Nathan Mautz,Shenzhen,Guangdong,China
441,NM-18520,Neoma Murray,Vigo,Galicia,Spain
442,NP-18325,Naresj Patel,Juárez,Chihuahua,Mexico
443,NP-18670,Nora Paige,Lakewood,New Jersey,United States
444,NP-18685,Nora Pelletier,Indianapolis,Indiana,United States
445,NP-18700,Nora Preis,Fresno,California,United States
446,NS-18505,Neola Schneider,Cartagena,Bolívar,Colombia
447,NW-18400,Natalie Webber,San Luis Potosí,San Luis Potosí,Mexico
448,NZ-18565,Nick Zandusky,Paris,Ile-de-France,France
449,ON-18715,Odella Nelson,Muret,Midi-Pyrénées,France
450,OT-18730,Olvera Toch,Bethlehem,Pennsylvania,United States
451,PA-9060,Pete Armstrong,Johannesburg,Gauteng,South Africa
452,PB-18805,Patrick Bzostek,Managua,Managua,Nicaragua
453,PB-19105,Peter Bühler,Orange,New South Wales,Australia
454,PB-19210,Phillip Breyer,Taipei,Taipei City,Taiwan
455,PC-19000,Pauline Chand,Barcelona,Catalonia,Spain
456,PF-19120,Peter Fuller,Mudanjiang,Heilongjiang,China
457,PF-19165,Philip Fox,Sandy Springs,Georgia,United States
458,PF-19225,Phillip Flathmann,Los Angeles,California,United States
459,PG-18895,Paul Gonzalez,Mérida,Yucatán,Mexico
460,PJ-18835,Patrick Jones,Prato,Tuscany,Italy
461,PJ-19015,Pauline Johnson,Santa Ana,California,United States
462,PK-19075,Pete Kriz,New York City,New York,United States
463,PL-18925,Paul Lucas,Yangon,Yangon,Myanmar (Burma)
464,PM-18940,Paul MacIntyre,Boulogne-Billancourt,Ile-de-France,France
465,PM-19135,Peter McVee,Ballarat,Victoria,Australia
466,PM-9135,Peter McVee,Tehran,Tehran,Iran
467,PN-18775,Parhena Norris,Tianjin,Tianjin,China
468,PO-18850,Patrick O'Brill,Tallahassee,Florida,United States
469,PO-18865,Patrick O'Donnell,Stockton-on-Tees,England,United Kingdom
470,PO-19195,Phillina Ober,Granollers,Catalonia,Spain
471,PO-9195,Phillina Ober,Tangier,Tanger-Tétouan,Morocco
472,PP-18955,Paul Prost,Seattle,Washington,United States
473,PS-18760,Pamela Stobb,Bandung,Jawa Barat,Indonesia
474,PS-18970,Paul Stevenson,Bogotá,Bogota,Colombia
475,PS-19045,Penelope Sewall,Harrisonburg,Virginia,United States
476,PV-18985,Paul Van Hugh,Salto,São Paulo,Brazil
477,PW-19030,Pauline Webber,Southend-on-Sea,England,United Kingdom
478,QJ-19255,Quincy Jones,Jixi,Heilongjiang,China
479,RA-19885,Ruben Ausman,Beijing,Beijing,China
480,RA-19915,Russell Applegate,Denver,Colorado,United States
481,RA-19945,Ryan Akin,Le Petit-Quevilly,Upper Normandy,France
482,RB-19330,Randy Bradley,Dijon,Burgundy,France
483,RB-19360,Raymond Buch,Cairns,Queensland,Australia
484,RB-19570,Rob Beeghly,Barakaldo,Basque Country,Spain
485,RB-19705,Roger Barcio,New York City,New York,United States
486,RB-19795,Ross Baird,Ibiúna,São Paulo,Brazil
487,RB-9435,Richard Bierner,Kaunas,Kaunas,Lithuania
488,RB-9465,Rick Bensley,Rybinsk,Yaroslavl',Russia
489,RD-19585,Rob Dowd,Torrevieja,Valenciana,Spain
490,RD-19930,Russell D'Ascenzo,Manukau City,Auckland,New Zealand
491,RE-19450,Richard Eichhorn,Santo Domingo,Santo Domingo,Dominican Republic
492,RF-19345,Randy Ferguson,Barcelona,Catalonia,Spain
493,RF-19735,Roland Fjeld,Perth,Western Australia,Australia
494,RH-19495,Rick Hansen,New York City,New York,United States
495,RH-19510,Rick Huthwaite,Providence,Rhode Island,United States
496,RH-9495,Rick Hansen,Dakar,Dakar,Senegal
497,RH-9555,Ritsa Hightower,Uvinza,Kigoma,Tanzania
498,RH-9600,Rob Haberlin,Vancouver,British Columbia,Canada
499,RK-19300,Ralph Kennedy,Serra,Espírito Santo,Brazil
500,RL-19615,Rob Lucas,Newcastle,New South Wales,Australia
501,RM-19375,Raymond Messe,Naihati,West Bengal,India
502,RM-19675,Robert Marley,Los Angeles,California,United States
503,RO-19780,Rose O'Brian,Gaoyou,Jiangsu,China
504,RO-9780,Rose O'Brian,Algiers,Alger,Algeria
505,RP-19270,Rachel Payne,Sydney,New South Wales,Australia
506,RP-19390,Resi Pölking,Madison,Wisconsin,United States
507,RP-19855,Roy Phan,Bangkok,Bangkok,Thailand
508,RP-9855,Roy Phan,Beni Mellal,Tadla-Azilal,Morocco
509,RR-19315,Ralph Ritter,Gold Coast,Queensland,Australia
510,RR-19525,Rick Reed,Santo Domingo,Santo Domingo,Dominican Republic
511,RS-19765,Roland Schwarz,Los Angeles,California,United States
512,RW-19540,Rick Wilson,Perth,Western Australia,Australia
513,RW-19690,Robert Waldorf,Xiamen,Fujian,China
514,RW-9540,Rick Wilson,Cape Town,Western Cape,South Africa
515,SA-20830,Sue Ann Reed,Chicago,Illinois,United States
516,SB-20170,Sarah Bern,Huaibei,Anhui,China
517,SB-20185,Sarah Brown,Los Angeles,California,United States
518,SB-20290,Sean Braxton,Treviso,Veneto,Italy
519,SC-10230,Scot Coram,Elbasan,Elbasan,Albania
520,SC-10725,Steven Cartwright,Bangui,Bangui,Central African Republic
521,SC-20050,Sample Company A,Gold Coast,Queensland,Australia
522,SC-20095,Sanjit Chand,Minneapolis,Minnesota,United States
523,SC-20230,Scot Coram,Los Angeles,California,United States
524,SC-20260,Scott Cohen,San Francisco,California,United States
525,SC-20305,Sean Christensen,Benidorm,Valenciana,Spain
526,SC-20380,Shahid Collister,Marikina,National Capital,Philippines
527,SC-20440,Shaun Chance,Victoria,Tamaulipas,Mexico
528,SC-20575,Sonia Cooley,Torreón,Coahuila,Mexico
529,SC-20695,Steve Chapman,Manila,National Capital,Philippines
530,SC-20725,Steven Cartwright,Petrópolis,Rio de Janeiro,Brazil
531,SC-20800,Stuart Calhoun,Bhilai,Chhattisgarh,India
532,SC-20845,Sung Chung,Vienna,Vienna,Austria
533,SF-10200,Sarah Foster,Izmir,Izmir,Turkey
534,SF-20200,Sarah Foster,Bellingham,Washington,United States
535,SG-10470,Sheri Gordon,Tbilisi,Tbilisi,Georgia
536,SG-10605,Speros Goranitis,Piatra-Neamt,Neamt,Romania
537,SG-20080,Sandra Glassco,Redlands,California,United States
538,SG-20470,Sheri Gordon,Bhopal,Madhya Pradesh,India
539,SG-20605,Speros Goranitis,New York City,New York,United States
540,SG-20890,Susan Gilcrest,Villa Nueva,Guatemala,Guatemala
541,SH-20635,Stefanie Holloman,Nuremberg,Bavaria,Germany
542,SH-9975,Sally Hughsby,Gyor,Gyor,Hungary
543,SJ-20215,Sarah Jordon,Mexico City,Distrito Federal,Mexico
544,SJ-20500,Shirley Jackson,Lens,Nord-Pas-de-Calais,France
545,SK-19990,Sally Knutson,Levallois-Perret,Ile-de-France,France
546,SL-20155,Sara Luxemburg,Coyoacán,Distrito Federal,Mexico
547,SM-10005,Sally Matthias,Hargeysa,Woqooyi Galbeed,Somalia
548,SM-10320,Sean Miller,Koumra,Mandoul,Chad
549,SM-20005,Sally Matthias,Santo André,São Paulo,Brazil
550,SM-20320,Sean Miller,San Juan de la Maguana,San Juan,Dominican Republic
551,SM-20950,Suzanne McNair,Philadelphia,Pennsylvania,United States
552,SN-20560,Skye Norling,Lahore,Punjab,Pakistan
553,SN-20710,Steve Nguyen,Geelong,Victoria,Australia
554,SO-20335,Sean O'Donnell,Changchun,Jilin,China
555,SP-20860,Sung Pak,Mulhouse,Alsace,France
556,SP-20920,Susan Pistek,Bangkok,Bangkok,Thailand
557,SR-20740,Steven Roelle,New York City,New York,United States
558,SS-10140,Saphhira Shifley,Lisbon,Lisboa,Portugal
559,SS-10410,Shahid Shariari,Brampton,Ontario,Canada
560,SS-20410,Shahid Shariari,Le Chesnay,Ile-de-France,France
561,ST-20530,Shui Tom,Chinandega,Chinandega,Nicaragua
562,SU-20665,Stephanie Ulpright,Chicago,Illinois,United States
563,SV-10785,Stewart Visinsky,Daloa,Haut-Sassandra,Cote d'Ivoire
564,SV-10815,Stuart Van,Montréal,Quebec,Canada
565,SV-20785,Stewart Visinsky,Medan,Sumatera Utara,Indonesia
566,SV-20815,Stuart Van,Vadodara,Gujarat,India
567,SV-20935,Susan Vittorini,Wuxi,Jiangsu,China
568,SW-20245,Scot Wooten,Surakarta,Jawa Tengah,Indonesia
569,SW-20275,Scott Williamson,Jamshedpur,Jharkhand,India
570,SW-20350,Sean Wendt,Depok,Jawa Barat,Indonesia
571,SW-20755,Steven Ward,Ris-Orangis,Ile-de-France,France
572,SZ-20035,Sam Zeldin,Nanchong,Sichuan,China
573,TA-21385,Tom Ashbrook,New York City,New York,United States
574,TB-11520,Tracy Blumstein,Windhoek,Khomas,Namibia
575,TB-21055,Ted Butterfield,Vincennes,Ile-de-France,France
576,TB-21175,Thomas Boland,Henderson,Kentucky,United States
577,TB-21190,Thomas Brumley,Allahabad,Uttar Pradesh,India
578,TB-21250,Tim Brockman,Santiago de Cuba,Santiago de Cuba,Cuba
579,TB-21280,Toby Braunhardt,Norman,Oklahoma,United States
580,TB-21400,Tom Boeckenhauer,New York City,New York,United States
581,TB-21520,Tracy Blumstein,Philadelphia,Pennsylvania,United States
582,TB-21625,Trudy Brown,New York City,New York,United States
583,TC-11145,Theresa Coyne,Magnitogorsk,Chelyabinsk,Russia
584,TC-20980,Tamara Chand,Lafayette,Indiana,United States
585,TC-21145,Theresa Coyne,Mexico City,Distrito Federal,Mexico
586,TC-21295,Toby Carlisle,Everett,Massachusetts,United States
587,TG-11640,Trudy Glocke,Behshahr,Mazandaran,Iran
588,TG-21310,Toby Gnade,Los Angeles,California,United States
589,TG-21640,Trudy Glocke,Ghent,East Flanders,Belgium
590,TH-11235,Tiffany House,Baghdad,Baghdad,Iraq
591,TH-21235,Tiffany House,Sydney,New South Wales,Australia
592,TH-21550,Tracy Hopkins,Bangkok,Bangkok,Thailand
593,TM-21490,Tony Molinari,Camagüey,Camagüey,Cuba
594,TP-21130,Theone Pippenger,Detroit,Michigan,United States
595,TP-21415,Tom Prescott,Philadelphia,Pennsylvania,United States
596,TR-11325,Toby Ritter,Dar es Salaam,Dar Es Salaam,Tanzania
597,TS-11430,Tom Stivers,Podgorica,Podgorica,Montenegro
598,TS-21205,Thomas Seio,Canberra,Australian Capital Territory,Australia
599,TS-21340,Toby Swindell,Porirua,Wellington,New Zealand
600,TS-21370,Todd Sumrall,Chicago,Illinois,United States
601,TS-21430,Tom Stivers,Outreau,Nord-Pas-de-Calais,France
602,TS-21505,Tony Sayre,Boulogne-Billancourt,Ile-de-France,France
603,TS-21610,Troy Staebel,San Francisco,California,United States
604,TT-11265,Tim Taslimi,Lublin,Lublin,Poland
605,TT-11460,Tonja Turnell,Durres,Durrës,Albania
606,TT-21070,Ted Trevino,Agra,Uttar Pradesh,India
607,TT-21220,Thomas Thornton,Mixco,Guatemala,Guatemala
608,TW-21025,Tamara Willingham,La Baule-Escoublac,Pays de la Loire,France
609,VB-21745,Victoria Brennan,Rochester,New York,United States
610,VD-21670,Valerie Dominguez,Soyapango,San Salvador,El Salvador
611,VF-21715,Vicky Freymann,Toledo,Parana,Brazil
612,VG-21790,Vivek Gonzalez,San Luis,San Luis,Argentina
613,VG-21805,Vivek Grady,Thiruvananthapuram,Kerala,India
614,VM-21685,Valerie Mitchum,Bergen op Zoom,North Brabant,Netherlands
615,VP-21730,Victor Preis,Brisbane,Queensland,Australia
616,VP-21760,Victoria Pisteka,Madrid,Madrid,Spain
617,VS-21820,Vivek Sundaresam,Zigong,Sichuan,China
618,VT-21700,Valerie Takahito,Masterton,Wellington,New Zealand
619,WB-21850,William Brown,Los Angeles,California,United States
620,XP-21865,Xylona Preis,Mejicanos,San Salvador,El Salvador
621,YC-21895,Yoseph Carroll,London,England,United Kingdom
622,YS-21880,Yana Sorensen,Seattle,Washington,United States
623,ZC-21910,Zuschuss Carroll,Berlin,Berlin,Germany
